{
    "name": "SuiteCommerce Advanced",
    "version": "2.0",
    "isSCA": true,
    "buildToolsVersion": "SC_21.2",
    "folders": {
        "modules": "Modules",
        "thirdPartyModules": "../../third_parties",
        "suitecommerceModules": "Modules/suitecommerce",
        "extensionsModules": "Modules/extensions",
        "distribution": "LocalDistribution",
        "deploy": "DeployDistribution",
        "acp": "SDF/Advanced/SuiteCommerceAdvanced",
        "acpScripts": "FileCabinet/SuiteScripts/SCAScripts/",
        "ssp": "FileCabinet/Web Site Hosting Files/Live Hosting Files/SSP Applications/*",
        "sspv1": [
            "Development",
            "Source"
        ],
        "sspv2": [
            "Development2",
            "Source2"
        ]
    },
    "modules": [
        "../Commons/Address",
        "../Commons/AjaxRequestsKiller",
        "../Commons/ApplicationSkeleton",
        "../Commons/Backbone.CollectionView",
        "../Commons/Backbone.CompositeView",
        "../Commons/Backbone.FormView",
        "../Commons/BackboneExtras",
        "../Commons/BootstrapExtras",
        "../Commons/CardHolderAuthentication",
        "../Commons/Cart",
        "../Commons/Categories",
        "../Commons/CreditCard",
        "../Commons/CreditMemo",
        "../Commons/Core",
        "../Commons/CustomFields",
        "../Commons/ErrorManagement",
        "../Commons/ExtensibilityLayer",
        "../Commons/Facets",
        "../Commons/GlobalImages",
        "../Commons/GlobalViews",
        "../Commons/HandlebarsExtras",
        "../Commons/Instrumentation",
        "../Commons/Item",
        "../Commons/ItemRelations",
        "../Commons/ListHeader",
        "../Commons/LiveOrder",
        "../Commons/Loggers",
        "../Commons/Main",
        "../Commons/MasterOptionsHelper",
        "../Commons/MenuTree",
        "../Commons/NativesExtras",
        "../Commons/NavigationHelper",
        "../Commons/Notifications",
        "../Commons/PageType",
        "../Commons/PaymentInstrument",
        "../Commons/PluginContainer",
        "../Commons/Product",
        "../Commons/ProductLine",
        "../Commons/ProductList",
        "../Commons/ProductReviews",
        "../Commons/ProductViews",
        "../Commons/Profile",
        "../Commons/Quote",
        "../Commons/QuoteToSalesOrderValidator",
        "../Commons/RecentlyViewedItems",
        "../Commons/ReleaseMetadata",
        "../Commons/SC",
        "../Commons/SC.Extensions",
        "../Commons/Search",
        "../Commons/Session",
        "../Commons/SspLibraries",
        "../Commons/Tracker",
        "../Commons/Transaction",
        "../Commons/Transaction.Line.Views",
        "../Commons/UnitTestHelper",
        "../Commons/UrlHelper",
        "../Commons/Utilities",
        "../Commons/jQuery.Deferred",
        "../Commons/jQueryExtras",
        "../Commons/SiteSettings",
        "../Commons/ns_npm_repository/module-loader",
        "Account",
        "Balance",
        "BaseSassStyleguide",
        "BaseSassStyles",
        "BrontoIntegration",
        "CMSadapter",
        "Case",
        "CheckoutApplication",
        "CheckoutSkipLogin",
        "Configuration",
        "Content",
        "CookieWarningBanner",
        "CustomContentType",
        "CustomerPayment",
        "Deposit",
        "DepositApplication",
        "ErrorManagementOnline",
        "ExtensibilityLayerOnline",
        "ExternalPayment",
        "Footer",
        "GlobalViewsOnline",
        "GoogleAdWords",
        "GoogleTagManager",
        "GoogleUniversalAnalytics",
        "Header",
        "Home",
        "ImageLoader",
        "ImageNotAvailable",
        "Invoice",
        "ItemsSearcher",
        "jQuerySCAExtras",
        "LivePayment",
        "Location.SCA",
        "Loggers.SCA",
        "LoginRegister",
        "Merchandising",
        "MyAccountApplication",
        "MyAccountApplication.SCA",
        "Newsletter",
        "OrderHistory",
        "OrderWizard",
        "OrderWizard.Module.Address",
        "OrderWizard.Module.CartItems",
        "OrderWizard.Module.CartSummary",
        "OrderWizard.Module.Confirmation",
        "OrderWizard.Module.MultiShipTo.EnableLink",
        "OrderWizard.Module.NonShippableItems",
        "OrderWizard.Module.Package",
        "OrderWizard.Module.PaymentMethod",
        "OrderWizard.Module.PromocodeForm",
        "OrderWizard.Module.PromocodeNotifications",
        "OrderWizard.Module.Register",
        "OrderWizard.Module.Shipmethod",
        "OrderWizard.Module.SubmitButton",
        "OrderWizard.Module.TermsAndConditions",
        "OrderWizard.Module.Title",
        "Overview",
        "PaymentMethod",
        "PaymentWizard",
        "PickupInStore",
        "PrintStatement",
        "ProductDetails",
        "ProductDetailToQuote",
        "ProductListOnline",
        "PromocodeSupport",
        "PaymentInstrumentACH",
        "QuantityPricing",
        "QuickAdd",
        "QuickOrder",
        "QuickOrderAccessPoints",
        "QuoteToSalesOrder",
        "QuoteToSalesOrderWizard",
        "Receipt",
        "RecordViews",
        "ReorderItems",
        "RequestQuoteAccessPoints",
        "RequestQuoteWizard",
        "ReturnAuthorization",
        "SC.CCT.Html",
        "SC.Utils",
        "SCA",
        "ShoppingApplication",
        "SiteSearch",
        "SocialSharing",
        "StoreItem",
        "StoreLocator",
        "StoreLocatorAccessPoints",
        "StoreLocatorGoogleMapsImplementation",
        "StoreLocatorReferenceMapImplementation",
        "Subscriptions",
        "TrackingServices",
        "TransactionHistory",
        "WebSiteConfiguration",
        "Wizard",
        "../../third_parties/backbone.js/1.4.0-custom",
        "../../third_parties/backbone.stickit/0.9.2",
        "../../third_parties/backbone.validation/0.11.5-custom",
        "../../third_parties/bignumber/9.0.1",
        "../../third_parties/bootstrap-datepicker/1.9.0",
        "../../third_parties/font-awesome/5.13.0-custom",
        "../../third_parties/handlebars/4.5.3-copy",
        "../../third_parties/jQuery/3.5.1-custom",
        "../../third_parties/jQuery-bxslider/4.2.15",
        "../../third_parties/zoom/2.1.0",
        "../../third_parties/js-cookie/2.2.1",
        "../../third_parties/sass.js/0.11.1-custom",
        "../../third_parties/twitter-bootstrap-sass/3.4.1",
        "../../third_parties/twitter-typeahead/0.11.1-custom",
        "../../third_parties/underscore.js/1.10.2-custom"
    ],
    "sdfScripts": [
        "gulp/ns-deploy/RestLet/NS_DeveloperTools_RL_Deployer.js",
        "gulp/ns-deploy/RestLet/NS_DeveloperTools_RL_GLib_Deployment.js",
        "gulp/ns-deploy/RestLet/NS_DeveloperTools_RL_GLib_FileCabinet.js",
        "Advanced/SCA/Internals/NS_SCA_Installation.js",
        "Scripts/SCA_FieldsetCreateSS2.js",
        "Scripts/SC_AccountSetup.js",
        "Scripts/SC_ItemsCreator.js"
    ],
    "backend": {
        "suitescript": [
            "../Backend/SC/**/*.ts",
            "../Backend/Common/**/*.ts"
        ],
        "third_parties": [
            "underscore.js",
            "bignumber",
            "backbone.validation"
        ]
    },
    "tasksConfig": {
        "local": {
            "http": {
                "port": 7777
            },
            "lessSourcemap": false,
            "jsRequire": false
        },
        "javascript": {
            "entryPoints": [
                {
                    "names": [
                        "SC.Shopping.Starter.js"
                    ],
                    "exportFile": "shopping.js"
                },
                {
                    "names": [
                        "SC.MyAccount.Starter.js"
                    ],
                    "exportFile": "myaccount.js"
                },
                {
                    "names": [
                        "SC.Checkout.Starter.js"
                    ],
                    "exportFile": "checkout.js"
                }
            ],
            "paths": {
                "jQuery": "jquery.custom.js",
                "Backbone": "backbone.custom.js",
                "Backbone.Validation": "backbone-validation.js",
                "jQuery.bxSlider": "jquery.bxslider.js",
                "Handlebars": "handlebars.runtime-v4.5.3.js",
                "typeahead": "typeahead.bundle.js",
                "bignumber": "bignumber.js",
                "backbone.stickit": "backbone.stickit.js",
                "js.cookie": "js.cookie.js",
                "sass": "sass.js",
                "bootstrap-datepicker": "bootstrap-datepicker.js"
            },
            "shim": {
                "jQuery": {
                    "exports": "jQuery"
                },
                "jquery.cookie": {
                    "deps": [
                        "jQuery"
                    ]
                },
                "jQuery.bxSlider": {
                    "deps": [
                        "jQuery"
                    ]
                },
                "bootstrap": {
                    "deps": [
                        "jQuery"
                    ]
                },
                "bootstrap-datepicker": {
                    "deps": [
                        "jQuery",
                        "bootstrap"
                    ]
                },
                "Backbone.Validation": {
                    "deps": [
                        "Backbone"
                    ]
                },
                "typeahead": {
                    "deps": [
                        "jQuery"
                    ]
                }
            }
        },
        "ssp-libraries": {
            "entryPoints": [
                {
                    "names": [
                        "module-loader.js",
                        "BackboneDeclaration.js",
                        "SCA.js"
                    ],
                    "exportFile": "ssp_libraries.js"
                }
            ],
            "paths": {
                "Backbone.Validation": "backbone-validation.server.custom.js",
                "bignumber": "bignumber.js"
            },
            "shim": {
                "Backbone.Validation": {
                    "exports": "Backbone.Validation"
                }
            }
        },
        "sass": {
            "ignorableClasses": {
                "application": [
                    "add-this-btn",
                    "addthis_button_",
                    "alert",
                    "collapse",
                    "collapsed",
                    "control",
                    "control-group",
                    "country",
                    "error",
                    "fade",
                    "form-inline",
                    "hide",
                    "hidden",
                    "in",
                    "quantity-",
                    "lg2sm-first",
                    "lg2sm",
                    "md2sm",
                    "middle-fold",
                    "muted",
                    "sc-highlighted",
                    "stock",
                    "update-internalid-",
                    "content-banner",
                    "active",
                    "banner-content-top",
                    "banner-section-top",
                    "banner-section-bottom",
                    "banner-footer",
                    "banner-header-top",
                    "banner-header-bottom",
                    "banner-image-top",
                    "banner-image-bottom",
                    "banner-content-bottom",
                    "banner-details-bottom",
                    "disabled",
                    "white-border",
                    "uncollapsible",
                    "option-active",
                    "form-actions",
                    "alert-",
                    "tranid",
                    "bxslider",
                    "center-block",
                    "is-required",
                    "modal-dialog",
                    "banner-breadcrumb-top",
                    "banner-breadcrumb-bottom",
                    "loading",
                    "highlight",
                    "alert-error",
                    "alert-error-code",
                    "contact_info",
                    "typeahead",
                    "typeahead-image",
                    "wizard-step-navigation-divider-",
                    "content",
                    "item-",
                    "highlight",
                    "menu-tree-node-submenu-level-",
                    "selected",
                    "-controls",
                    "-controls-group",
                    "pac-container"
                ],
                "ML": [
                    "cart-item-actions-item-list-actionable-edit-content-remove"
                ]
            },
            "ignorableSelector": [
                "data-pusher=\"sc-pushable-md\"",
                "data-type=\"sc-pusher\"",
                "data-type=\"option\"",
                "data-action=\"sc-pushing\"",
                "data-pusher=\"sc-pushable-xs\"",
                "data-validation-error=\"block\"",
                "type=number",
                "disabled"
            ],
            "applications": [
                {
                    "name": "Shopping",
                    "exportFile": "shopping.css",
                    "dependencies": [
                        {
                            "module": "twitter-bootstrap-sass",
                            "include": [
                                "variables",
                                "mixins",
                                "normalize",
                                "print",
                                "grid",
                                "tables",
                                "buttons",
                                "component-animations",
                                "dropdowns",
                                "button-groups",
                                "input-groups",
                                "modals",
                                "popovers",
                                "progress-bars",
                                "tooltip",
                                "utilities"
                            ]
                        },
                        {
                            "module": "font-awesome",
                            "include": [
                                "font-awesome"
                            ]
                        },
                        {
                            "module": "BaseSassStyles",
                            "include": [
                                "main-variables",
                                "main-reference-theme",
                                "main-base",
                                "main-atoms",
                                "main-molecules",
                                "molecules/datepicker"
                            ]
                        },
                        "ShoppingApplication",
                        "Backbone.CollectionView",
                        "BackboneExtras",
                        "Cart",
                        "CookieWarningBanner",
                        "ErrorManagement",
                        "ErrorManagementOnline",
                        "Facets",
                        "Footer",
                        {
                            "module": "GlobalViews",
                            "include": [
                                "global-views-back-to-top",
                                "global-views-star-rating",
                                "global-views-rating-by-star",
                                "global-views-host-selector",
                                "global-views-currency-selector",
                                "global-views-message",
                                "global-views-pagination"
                            ]
                        },
                        {
                            "module": "GlobalViewsOnline",
                            "include": [
                                "global-views-modal",
                                "global-views-breadcrumb"
                            ]
                        },
                        {
                            "module": "Header",
                            "include": [
                                "header",
                                "header-menu",
                                "header-sidebar",
                                "header-menu-myaccount",
                                "header-mini-cart",
                                "header-mini-cart-item-cell",
                                "header-profile",
                                "header-logo"
                            ]
                        },
                        "Home",
                        "ProductDetails",
                        "ProductViews",
                        "ProductLine",
                        "ItemRelations",
                        "Transaction.Line.Views",
                        "Merchandising",
                        {
                            "module": "ProductList",
                            "include": [
                                "product-list-control",
                                "product-list-control-item",
                                "product-list-control-new-item"
                            ]
                        },
                        {
                            "module": "ProductListOnline",
                            "include": [
                                "product-list-control-single",
                                "product-list-details-later",
                                "product-list-details-later-macro",
                                "product-list-deletion"
                            ]
                        },
                        "ListHeader",
                        "ProductReviews",
                        "RecentlyViewedItems",
                        "ItemsSearcher",
                        "SiteSearch",
                        "SocialSharing",
                        "CMSadapter",
                        "RequestQuoteAccessPoints",
                        "QuickOrderAccessPoints",
                        "QuickOrder",
                        "QuickAdd",
                        "QuantityPricing",
                        "StoreLocatorAccessPoints",
                        "StoreLocator",
                        "Newsletter",
                        "ProductDetailToQuote",
                        "PickupInStore",
                        "Location.SCA",
                        "Notifications",
                        "Core"
                    ]
                },
                {
                    "name": "MyAccount",
                    "exportFile": "myaccount.css",
                    "dependencies": [
                        {
                            "module": "font-awesome",
                            "include": [
                                "font-awesome"
                            ]
                        },
                        {
                            "module": "twitter-bootstrap-sass",
                            "include": [
                                "variables"
                            ]
                        },
                        {
                            "module": "BaseSassStyles",
                            "include": [
                                "main-variables"
                            ]
                        },
                        {
                            "module": "twitter-bootstrap-sass",
                            "include": [
                                "mixins",
                                "normalize",
                                "print",
                                "grid",
                                "tables",
                                "buttons",
                                "component-animations",
                                "dropdowns",
                                "button-groups",
                                "input-groups",
                                "modals",
                                "popovers",
                                "progress-bars",
                                "tooltip",
                                "utilities"
                            ]
                        },
                        {
                            "module": "BaseSassStyles",
                            "include": [
                                "main-variables",
                                "main-reference-theme",
                                "main-base",
                                "main-atoms",
                                "main-molecules",
                                "molecules/datepicker"
                            ]
                        },
                        {
                            "module": "MyAccountApplication",
                            "include": [
                                "myaccount-layout.scss"
                            ]
                        },
                        "Address",
                        "Backbone.CollectionView",
                        "BackboneExtras",
                        "Case",
                        "Cart",
                        "CreditCard",
                        "ErrorManagement",
                        "ErrorManagementOnline",
                        "GlobalViews",
                        "GlobalViewsOnline",
                        "Transaction.Line.Views",
                        "ItemRelations",
                        "ProductDetails",
                        "ProductViews",
                        "ProductLine",
                        "Merchandising",
                        "ListHeader",
                        "MenuTree",
                        "OrderHistory",
                        "PaymentMethod",
                        "PaymentInstrument",
                        "PaymentInstrumentACH",
                        "Overview",
                        "Profile",
                        "QuickAdd",
                        "QuantityPricing",
                        "Quote",
                        "RequestQuoteAccessPoints",
                        "QuickOrderAccessPoints",
                        "RequestQuoteWizard",
                        "Receipt",
                        "ReorderItems",
                        "RecordViews",
                        "ReturnAuthorization",
                        {
                            "module": "Header",
                            "include": [
                                "header",
                                "header-menu",
                                "header-sidebar",
                                "header-menu-myaccount",
                                "header-simplified",
                                "header-mini-cart",
                                "header-mini-cart-item-cell",
                                "header-profile",
                                "header-logo"
                            ]
                        },
                        "ItemsSearcher",
                        "SiteSearch",
                        "StoreLocatorAccessPoints",
                        "StoreLocator",
                        "Footer",
                        "PrintStatement",
                        "Deposit",
                        "DepositApplication",
                        "PaymentWizard",
                        {
                            "module": "OrderWizard.Module.Address",
                            "include": [
                                "order-wizard-address-module",
                                "order-wizard-address-cell",
                                "order-wizard-address-row"
                            ]
                        },
                        "OrderWizard.Module.PaymentMethod",
                        "OrderWizard.Module.Title",
                        "QuoteToSalesOrderWizard",
                        "OrderWizard.Module.CartSummary",
                        "OrderWizard.Module.CartItems",
                        "OrderWizard.Module.Shipmethod",
                        "OrderWizard.Module.SubmitButton",
                        "OrderWizard.Module.TermsAndConditions",
                        "CustomerPayment",
                        "CreditMemo",
                        "TransactionHistory",
                        "Balance",
                        "Wizard",
                        "Invoice",
                        {
                            "module": "ProductList",
                            "include": [
                                "product-list-control-item",
                                "product-list-control-new-item",
                                "product-list-control"
                            ]
                        },
                        {
                            "module": "ProductListOnline",
                            "include": [
                                "product-list-added-to-cart",
                                "product-list-bulk-actions",
                                "product-list-details",
                                "product-list-details-later",
                                "product-list-deletion",
                                "product-list-control-single",
                                "product-list-details-later-macro",
                                "product-list-display-full",
                                "product-list-edit-item",
                                "product-list-list-details",
                                "product-list-lists",
                                "product-list-new"
                            ]
                        },
                        "Location.SCA",
                        "Notifications",
                        "Subscriptions",
                        "Core"
                    ]
                },
                {
                    "name": "Checkout",
                    "exportFile": "checkout.css",
                    "dependencies": [
                        {
                            "module": "twitter-bootstrap-sass",
                            "include": [
                                "variables",
                                "mixins",
                                "normalize",
                                "print",
                                "grid",
                                "tables",
                                "buttons",
                                "component-animations",
                                "dropdowns",
                                "button-groups",
                                "input-groups",
                                "modals",
                                "popovers",
                                "progress-bars",
                                "tooltip",
                                "utilities"
                            ]
                        },
                        {
                            "module": "font-awesome",
                            "include": [
                                "font-awesome"
                            ]
                        },
                        {
                            "module": "BaseSassStyles",
                            "include": [
                                "main-variables",
                                "main-reference-theme",
                                "main-base",
                                "main-atoms",
                                "main-molecules",
                                "molecules/datepicker"
                            ]
                        },
                        "CheckoutApplication",
                        "Backbone.CollectionView",
                        "BackboneExtras",
                        "Address",
                        "ReorderItems",
                        "RecordViews",
                        "Cart",
                        "CreditCard",
                        "ErrorManagement",
                        "ErrorManagementOnline",
                        "GlobalViews",
                        "GlobalViewsOnline",
                        "Transaction.Line.Views",
                        "Merchandising",
                        "LoginRegister",
                        {
                            "module": "OrderHistory",
                            "include": [
                                "order-history-list-tracking-number"
                            ]
                        },
                        "OrderWizard",
                        "OrderWizard.Module.Address",
                        "OrderWizard.Module.Register",
                        "OrderWizard.Module.Confirmation",
                        "OrderWizard.Module.CartSummary",
                        "OrderWizard.Module.CartItems",
                        "OrderWizard.Module.PromocodeForm",
                        "OrderWizard.Module.PromocodeNotifications",
                        "OrderWizard.Module.NonShippableItems",
                        "OrderWizard.Module.PaymentMethod",
                        "PaymentMethod",
                        "PaymentInstrumentACH",
                        "PaymentInstrument",
                        "ProductDetails",
                        "ProductViews",
                        "ProductLine",
                        "ItemRelations",
                        "OrderWizard.Module.Package",
                        "OrderWizard.Module.Shipmethod",
                        "OrderWizard.Module.SubmitButton",
                        "OrderWizard.Module.TermsAndConditions",
                        "OrderWizard.Module.Title",
                        "OrderWizard.Module.MultiShipTo.EnableLink",
                        "RequestQuoteAccessPoints",
                        "QuickOrderAccessPoints",
                        "RequestQuoteWizard",
                        "ItemsSearcher",
                        "SiteSearch",
                        "SocialSharing",
                        "Wizard",
                        {
                            "module": "Header",
                            "include": [
                                "header",
                                "header-menu",
                                "header-sidebar",
                                "header-menu-myaccount",
                                "header-simplified",
                                "header-mini-cart",
                                "header-mini-cart-item-cell",
                                "header-profile",
                                "header-logo"
                            ]
                        },
                        "StoreLocator",
                        "StoreLocatorAccessPoints",
                        "Footer",
                        "Location.SCA",
                        "Notifications",
                        "Core"
                    ]
                }
            ]
        },
        "deploy": {
            "scriptId": "customscript_ns_sca_deployer_2020_2_0",
            "deployId": "customdeploy_ns_sca_deployer_2020_2_0",
            "publicList": [
                "javascript",
                "img",
                "css",
                "css_ie",
                "fonts",
                "font-awesome",
                "font-awesome/custom",
                "languages",
                "app_manifest.json",
                "backward-compatibility-amd-unclean.js",
                "-templates.js",
                "javascript-libs.js"
            ],
            "backup": true
        }
    },
    "app_manifest": {
        "type": "SCA",
        "version": "22.1.2",
        "application": [
            "shopping",
            "myaccount",
            "checkout"
        ],
        "extensible_resources": [
            "skins",
            "javascript",
            "ssp-libraries",
            "sass",
            "templates",
            "services",
            "configuration",
            "assets",
            "suitescript2",
            "translations"
        ]
    },
    "license": {
        "text": "\n\t© 2020 NetSuite Inc.\n\tUser may not copy, modify, distribute, or re-bundle or otherwise make available this code;\n\tprovided, however, if you are an authorized user with a NetSuite account or log-in, you\n\tmay use this code subject to the terms that govern your access and use.\n"
    },
    "releaseMetadata": "./release.xml"
}