<Bundle>
  <param>
    <name>SuiteCommerce Advanced</name>
    <nslogin></nslogin>
    <nscompany>QA PSG - 7966530 - SuiteCommerce Advanced 2022.1.2</nscompany>
    <nsaccnt>7966530</nsaccnt>
    <bundle_id>422665</bundle_id>
    <qabundle_testfolder_id></qabundle_testfolder_id>
    <prodcompany>NetSuite Platform Solutions Group - SuiteCommerce Advanced 2022.1.2</prodcompany>
    <prodaccount>7966533</prodaccount>
    <prodbundle_id>422673</prodbundle_id>
    <product_name></product_name>
    <devaccnt>NA</devaccnt>
    <devbundle_id>NA</devbundle_id>
    <baselabel>SCA_2022.1.2</baselabel>
    <version>2022.1.2</version>
    <datelabel>2021.03.23</datelabel>
    <buildno>0</buildno>
    <scrum>Scrum-PSGECommerce@netsuite.com</scrum>
    <versioningmode>MINOR</versioningmode>
    <qabundle_folder_id>NA</qabundle_folder_id>
    <ci_plans />
    <ci_automation_accounts></ci_automation_accounts>
  </param>
</Bundle>