{
	"type": "object",

	"properties": {
		"layout.colorPalette": {
            "group": "layout",
			"type": "array",
			"title": "Color Palettes",
			"docRef": "bridgehead_4667037557",
			"description": "Color palettes maps a color defined in a netsuite list to a CSS color value. Then, one or more color can use a palette to show the values. <br/>Use this table to modify default color palette or create new ones. <br/><b>IMPORTANT: </b>",
			"items": {
				"type": "object",
				"properties": {
					"paletteId": {
						"type": "string",
						"title": "Palette id",
						"description": "The palette id for this color",
						"mandatory": true
					}
				,   "colorName": {
						"type": "string",
						"title": "Color name",
						"description": "The color name as it is in the netsuite list used in the declaration.",
						"mandatory": true
					}
				,   "colorValue": {
						"type": "string",
						"title": "Color value",
						"description": "The color CSS value - must be a valid CSS color. "
					}

				,   "imgsrc": {
						"type": "string",
						"title": "Image Source",
						"description": "Source of an external image."
					}
				,   "imgheight": {
						"type": "string",
						"title": "Image Height",
						"description": "Heigh with its unit of the specified image."
					}
				,   "imgwidth": {
						"type": "string",
						"title": "Image Width",
						"description": "Width with its unit of the specified image."
					}
				}
			},

			"default":[
				{
					"paletteId": "default",
					"colorName": "black",
					"colorValue": "#212121"
				}
				,{
					"paletteId": "default",
					"colorName": "gray",
					"colorValue": "#9c9c9c"
				}
				,{
					"paletteId": "default",
					"colorName": "grey",
					"colorValue": "#9c9c9c"
				}
				,{
					"paletteId": "default",
					"colorName": "white",
					"colorValue": "#fff"
				}
				,{
					"paletteId": "default",
					"colorName": "brown",
					"colorValue": "#804d3b"
				}
				,{
					"paletteId": "default",
					"colorName": "beige",
					"colorValue": "#eedcbe"
				}
				,{
					"paletteId": "default",
					"colorName": "blue",
					"colorValue": "#0f5da3"
				}
				,{
					"paletteId": "default",
					"colorName": "light-blue",
					"colorValue": "#8fdeec"
				}
				,{
					"paletteId": "default",
					"colorName": "purple",
					"colorValue": "#9b4a97"
				}
				,{
					"paletteId": "default",
					"colorName": "lilac",
					"colorValue": "#ceadd0"
				}
				,{
					"paletteId": "default",
					"colorName": "red",
					"colorValue": "#f63440"
				}
				,{
					"paletteId": "default",
					"colorName": "pink",
					"colorValue": "#ffa5c1"
				}
				,{
					"paletteId": "default",
					"colorName": "orange",
					"colorValue": "#ff5200"
				}
				,{
					"paletteId": "default",
					"colorName": "peach",
					"colorValue": "#ffcc8c"
				}
				,{
					"paletteId": "default",
					"colorName": "yellow",
					"colorValue": "#ffde00"
				}
				,{
					"paletteId": "default",
					"colorName": "light-yellow",
					"colorValue": "#ffee7a"
				}
				,{
					"paletteId": "default",
					"colorName": "green",
					"colorValue": "#00af43"
				}
				,{
					"paletteId": "default",
					"colorName": "lime",
					"colorValue": "#c3d600"
				}
				,{
					"paletteId": "default",
					"colorName": "teal",
					"colorValue": "#00ab95"
				}
				,{
					"paletteId": "default",
					"colorName": "aqua",
					"colorValue": "#28e1c5"
				}
				,{
					"paletteId": "default",
					"colorName": "burgandy",
					"colorValue": "#9c0633"
				}
				,{
					"paletteId": "default",
					"colorName": "navy",
					"colorValue": "#002d5d"
				}
			]
		}
	,   "layout.lightColors": {
            "group": "layout",
			"title": "Light colors",
			"docRef": "section_4701517042",
			"description": "The light colors in the color palette",
			"type": "array",
			"items": {
				"type": "string",
				"title": "Color Name"
			},
			"default": [
			   "white"
			]
		}
	}

}
