{
	"type": "object",

	"resource": {
		"template": {
			"transactionlineviews-option-selected": [
				"",
				"transaction_line_views_selected_option.tpl",
				"transaction_line_views_selected_option_color.tpl"
			]
		}
	},

	"properties": {
		"ItemOptions.defaultTemplates.selectedByType": {
			"group": "catalog",
			"subtab": "itemoptionstpls",
			"type": "array",
			"title": "Default Selected templates by item option Type",
			"description": "Default Templates to show a selected item option",

			"items": {
				"type": "object",
				"properties": {
				   "type": {
						"type": "string",
						"title": "Option Type",
						"description": "The type of the option or the string default"
					},
					"template": {
						"type": "string",
						"title": "Template Name",
						"description": "Name of the template",
						"source": "$resource.template.transactionlineviews-option-selected"
					}
				}
			},

			"default":[
				{
					"type": "default",
					"template": "transaction_line_views_selected_option.tpl"
				}
			]
		}
	},

	"modifications" : [
		{
			"target": "$.properties[ItemOptions.optionsConfiguration].items.properties",
			"action": "add",
			"value": {
				"templateSelected": {
					"type": "string",
					"title": "Selected Template",
					"description": "the template that will be rendered for the item in the cart (Cart and Cart confirmation)",
					"source": "$resource.template.transactionlineviews-option-selected"
				}
			}
		},
		{
			"target": "$.properties[ItemOptions.optionsConfiguration].default[0]",
			"action": "add",
			"value": {
				"templateSelected": "transaction_line_views_selected_option_color.tpl"
			}
		}
	]
}
