{
    "type": "object",
    "subtab": {
        "id": "translations",
        "title": "Translations",
        "description": "List of translations",
        "docRef": "bridgehead_4688691652",
        "group": "multiDomain"
    },
    "properties": {
        "extraTranslations": {
            "group": "multiDomain",
            "subtab": "translations",
            "type": "array",
            "title": "List of translations",
            "description": "You can add new translations strings here or override existing ones. ",
            "items": {
                "type": "object",
                "properties": {
                    "key": {
                        "type": "string",
                        "title": "key",
                        "description": "This is the translation key",
                        "mandatory": true
                    },
                    "cs_CZ": {
                        "type": "string",
                        "title": "cs_CZ"
                    },
                    "da_DK": {
                        "type": "string",
                        "title": "da_DK"
                    },
                    "de_DE": {
                        "type": "string",
                        "title": "de_DE"
                    },
                    "en_AU": {
                        "type": "string",
                        "title": "en_AU"
                    },
                    "en_CA": {
                        "type": "string",
                        "title": "en_CA"
                    },
                    "en_GB": {
                        "type": "string",
                        "title": "en_GB"
                    },
                    "en_US": {
                        "type": "string",
                        "title": "en_US"
                    },
                    "es_AR": {
                        "type": "string",
                        "title": "es_AR"
                    },
                    "es_ES": {
                        "type": "string",
                        "title": "es_ES"
                    },
                    "fi_FI": {
                        "type": "string",
                        "title": "fi_FI"
                    },
                    "fr_CA": {
                        "type": "string",
                        "title": "fr_CA"
                    },
                    "fr_FR": {
                        "type": "string",
                        "title": "fr_FR"
                    },
                    "id_ID": {
                        "type": "string",
                        "title": "id_ID"
                    },
                    "it_IT": {
                        "type": "string",
                        "title": "it_IT"
                    },
                    "ja_JP": {
                        "type": "string",
                        "title": "ja_JP"
                    },
                    "ko_KR": {
                        "type": "string",
                        "title": "ko_KR"
                    },
                    "nb_NO": {
                        "type": "string",
                        "title": "nb_NO"
                    },
                    "nl_NL": {
                        "type": "string",
                        "title": "nl_NL"
                    },
                    "pt_BR": {
                        "type": "string",
                        "title": "pt_BR"
                    },
                    "ru_RU": {
                        "type": "string",
                        "title": "ru_RU"
                    },
                    "sv_SE": {
                        "type": "string",
                        "title": "sv_SE"
                    },
                    "th_TH": {
                        "type": "string",
                        "title": "th_TH"
                    },
                    "tr_TR": {
                        "type": "string",
                        "title": "tr_TR"
                    },
                    "vi_VN": {
                        "type": "string",
                        "title": "vi_VN"
                    },
                    "zh_CN": {
                        "type": "string",
                        "title": "zh_CN"
                    },
                    "zh_TW": {
                        "type": "string",
                        "title": "zh_TW"
                    }
                }
            },
            "default": []
        }
    }
}
