{
    "gulp": {
        "javascript": [
            "JavaScript/*"
        ],
        "templates": [
            "Templates/*"
        ],
        "images": [
            "Images/*"
        ],
        "ssp-libraries": [
            "SuiteScript/*.js"
        ],
        "autogenerated-services": {
            "ProductList.Item.Service.ss": "ProductList.Item.ServiceController",
            "ProductList.Service.ss": "ProductList.ServiceController"
        },
        "configuration": [
            "Configuration/*.json"
        ]
    }
}